,image_name,Good,Usable,Reject
0,10_left.jpeg,0.043798175,0.88955307,0.098710515
1,10_right.jpeg,0.028578425,0.13503587,0.8482003
2,13_left.jpeg,0.98759115,0.00996482,0.008266416
3,13_right.jpeg,0.98759055,0.00996435,0.008266874
4,15_left.jpeg,0.6066705,0.3618809,0.020819182
5,15_right.jpeg,0.98081744,0.015492953,0.009438055
