,image_name,Good,Usable,Reject
0,10_left.jpeg,0.04380133,0.88945204,0.0987796
1,10_right.jpeg,0.028577695,0.13505873,0.8481775
2,13_left.jpeg,0.98759115,0.00996482,0.008266416
3,13_right.jpeg,0.98759055,0.009964355,0.008266869
4,15_left.jpeg,0.60667497,0.36187622,0.020819115
5,15_right.jpeg,0.98081744,0.015492902,0.009438042
